temperature,precipitation,windspeed,round,name,datetime
15.8,0.0,18.8,1,British Grand Prix,1950-05-13 12:00:00
23.1,0.0,17.3,2,Monaco Grand Prix,1950-05-21 12:00:00
19.5,0.2,12.5,3,Indianapolis 500,1950-05-30 14:00:00
22.8,0.0,6.1,4,Swiss Grand Prix,1950-06-04 14:00:00
17.5,0.0,15.9,5,Belgian Grand Prix,1950-06-18 12:00:00
25.6,0.0,10.0,6,French Grand Prix,1950-07-02 14:00:00
22.9,0.0,5.5,7,Italian Grand Prix,1950-09-03 12:00:00
12.1,2.4,4.3,1,Swiss Grand Prix,1951-05-27 14:00:00
19.2,0.0,2.6,2,Indianapolis 500,1951-05-30 14:00:00
21.0,0.1,2.3,3,Belgian Grand Prix,1951-06-17 12:00:00
19.4,0.0,13.8,4,French Grand Prix,1951-07-01 14:00:00
17.0,0.0,4.0,5,British Grand Prix,1951-07-14 12:00:00
22.3,0.0,7.3,6,German Grand Prix,1951-07-29 12:00:00
25.9,0.0,3.2,7,Italian Grand Prix,1951-09-16 12:00:00
18.5,0.0,13.9,8,Spanish Grand Prix,1951-10-28 14:00:00
16.9,0.0,9.7,1,Swiss Grand Prix,1952-05-18 14:00:00
15.2,0.0,11.7,2,Indianapolis 500,1952-05-30 14:00:00
17.2,0.9,26.1,3,Belgian Grand Prix,1952-06-22 12:00:00
25.5,0.4,11.9,4,French Grand Prix,1952-07-06 14:00:00
19.6,0.1,19.6,5,British Grand Prix,1952-07-19 12:00:00
19.5,0.0,21.3,6,German Grand Prix,1952-08-03 12:00:00
17.3,0.0,22.6,7,Dutch Grand Prix,1952-08-17 13:00:00
19.9,0.1,3.4,8,Italian Grand Prix,1952-09-07 12:00:00
24.9,0.0,16.4,1,Argentine Grand Prix,1953-01-18 14:00:00
25.5,0.0,16.9,2,Indianapolis 500,1953-05-30 14:00:00
14.2,0.0,23.2,3,Dutch Grand Prix,1953-06-07 13:00:00
23.5,0.0,6.0,4,Belgian Grand Prix,1953-06-21 12:00:00
22.4,0.0,12.7,5,French Grand Prix,1953-07-05 14:00:00
17.8,0.0,17.4,6,British Grand Prix,1953-07-18 12:00:00
15.5,0.1,8.8,7,German Grand Prix,1953-08-02 12:00:00
17.1,0.0,4.7,8,Swiss Grand Prix,1953-08-23 14:00:00
24.5,0.0,7.2,9,Italian Grand Prix,1953-09-13 12:00:00
24.1,0.0,15.0,1,Argentine Grand Prix,1954-01-17 14:00:00
22.5,0.0,15.9,2,Indianapolis 500,1954-05-31 14:00:00
24.5,0.1,8.4,3,Belgian Grand Prix,1954-06-20 12:00:00
18.2,0.0,24.6,4,French Grand Prix,1954-07-04 14:00:00
14.8,0.1,27.3,5,British Grand Prix,1954-07-17 12:00:00
14.6,0.0,10.5,6,German Grand Prix,1954-08-01 12:00:00
12.0,0.1,12.7,7,Swiss Grand Prix,1954-08-22 14:00:00
24.0,0.1,6.0,8,Italian Grand Prix,1954-09-05 12:00:00
22.1,0.0,19.8,9,Spanish Grand Prix,1954-10-24 14:00:00
29.8,0.0,7.5,1,Argentine Grand Prix,1955-01-16 14:00:00
19.2,0.0,11.5,2,Monaco Grand Prix,1955-05-22 12:00:00
12.0,0.0,22.1,3,Indianapolis 500,1955-05-30 14:00:00
17.0,0.0,7.4,4,Belgian Grand Prix,1955-06-05 12:00:00
20.3,0.0,16.3,5,Dutch Grand Prix,1955-06-19 13:00:00
19.8,0.0,9.0,6,British Grand Prix,1955-07-16 14:00:00
20.7,0.0,10.5,7,Italian Grand Prix,1955-09-11 12:00:00
30.9,0.0,6.6,1,Argentine Grand Prix,1956-01-22 14:00:00
19.8,0.0,6.7,2,Monaco Grand Prix,1956-05-13 12:00:00
24.6,0.0,19.9,3,Indianapolis 500,1956-05-30 14:00:00
13.8,0.0,16.3,4,Belgian Grand Prix,1956-06-03 12:00:00
20.9,0.0,18.6,5,French Grand Prix,1956-07-01 14:00:00
15.8,0.0,10.7,6,British Grand Prix,1956-07-14 12:00:00
13.4,0.5,10.0,7,German Grand Prix,1956-08-05 12:00:00
23.6,0.0,8.3,8,Italian Grand Prix,1956-09-02 12:00:00
25.8,0.0,18.4,1,Argentine Grand Prix,1957-01-13 14:00:00
19.6,0.0,15.8,2,Monaco Grand Prix,1957-05-19 12:00:00
20.7,0.0,7.1,3,Indianapolis 500,1957-05-30 14:00:00
24.2,0.0,8.6,4,French Grand Prix,1957-07-07 14:00:00
16.1,0.3,7.6,5,British Grand Prix,1957-07-20 14:00:00
19.2,0.0,10.8,6,German Grand Prix,1957-08-04 12:00:00
26.3,0.0,19.5,7,Pescara Grand Prix,1957-08-18 14:00:00
24.6,0.0,5.0,8,Italian Grand Prix,1957-09-08 12:00:00
19.7,0.0,8.0,1,Argentine Grand Prix,1958-01-19 14:00:00
21.2,0.0,7.6,2,Monaco Grand Prix,1958-05-18 12:00:00
13.9,0.1,30.5,3,Dutch Grand Prix,1958-05-26 13:00:00
19.6,0.0,9.7,4,Indianapolis 500,1958-05-30 14:00:00
19.9,0.0,12.6,5,Belgian Grand Prix,1958-06-15 12:00:00
21.4,0.0,9.3,6,French Grand Prix,1958-07-06 14:00:00
22.3,0.0,14.5,7,British Grand Prix,1958-07-19 12:00:00
14.6,0.0,11.4,8,German Grand Prix,1958-08-03 12:00:00
20.4,0.0,12.2,9,Portuguese Grand Prix,1958-08-24 14:00:00
24.8,0.0,2.1,10,Italian Grand Prix,1958-09-07 12:00:00
25.1,0.0,14.4,11,Moroccan Grand Prix,1958-10-19 14:00:00
20.4,0.0,11.0,1,Monaco Grand Prix,1959-05-10 12:00:00
23.2,0.0,5.4,2,Indianapolis 500,1959-05-30 14:00:00
15.3,0.0,15.9,3,Dutch Grand Prix,1959-05-31 13:00:00
29.1,0.0,8.6,4,French Grand Prix,1959-07-05 14:00:00
18.5,0.0,20.6,5,British Grand Prix,1959-07-18 14:00:00
20.5,0.2,11.6,6,German Grand Prix,1959-08-02 14:00:00
30.5,0.0,10.1,7,Portuguese Grand Prix,1959-08-23 14:00:00
23.1,0.0,4.4,8,Italian Grand Prix,1959-09-13 12:00:00
18.9,0.0,10.7,9,United States Grand Prix,1959-12-12 14:00:00
28.3,0.0,22.4,1,Argentine Grand Prix,1960-02-07 14:00:00
19.6,0.2,8.5,2,Monaco Grand Prix,1960-05-29 12:00:00
18.0,0.0,21.0,3,Indianapolis 500,1960-05-30 14:00:00
18.7,0.4,13.0,4,Dutch Grand Prix,1960-06-06 13:00:00
20.0,0.1,14.8,5,Belgian Grand Prix,1960-06-19 12:00:00
17.1,0.1,13.3,6,French Grand Prix,1960-07-03 14:00:00
18.5,0.0,14.8,7,British Grand Prix,1960-07-16 12:00:00
22.2,0.0,15.0,8,Portuguese Grand Prix,1960-08-14 14:00:00
22.0,0.0,3.6,9,Italian Grand Prix,1960-09-04 12:00:00
3.8,0.0,9.8,10,United States Grand Prix,1960-11-20 14:00:00
18.9,0.0,9.3,1,Monaco Grand Prix,1961-05-14 12:00:00
13.2,0.0,18.4,2,Dutch Grand Prix,1961-05-22 13:00:00
19.4,0.0,19.5,3,Belgian Grand Prix,1961-06-18 12:00:00
31.8,0.0,3.8,4,French Grand Prix,1961-07-02 14:00:00
14.8,0.7,32.4,5,British Grand Prix,1961-07-15 14:00:00
20.9,0.0,15.7,6,German Grand Prix,1961-08-06 12:00:00
22.4,0.0,3.2,7,Italian Grand Prix,1961-09-10 12:00:00
15.8,0.0,2.9,8,United States Grand Prix,1961-10-08 14:00:00
10.7,0.0,26.7,1,Dutch Grand Prix,1962-05-20 13:00:00
17.5,0.2,9.8,2,Monaco Grand Prix,1962-06-03 12:00:00
19.4,0.1,9.1,3,Belgian Grand Prix,1962-06-17 12:00:00
23.2,0.0,12.8,4,French Grand Prix,1962-07-08 14:00:00
16.7,0.0,28.4,5,British Grand Prix,1962-07-21 14:00:00
14.5,1.3,7.3,6,German Grand Prix,1962-08-05 12:00:00
22.7,0.0,1.3,7,Italian Grand Prix,1962-09-16 12:00:00
9.9,0.0,15.8,8,United States Grand Prix,1962-10-07 14:00:00
22.7,0.0,43.0,9,South African Grand Prix,1962-12-29 14:00:00
20.8,0.0,4.7,1,Monaco Grand Prix,1963-05-26 12:00:00
21.6,0.6,10.2,2,Belgian Grand Prix,1963-06-09 12:00:00
14.6,0.0,26.1,3,Dutch Grand Prix,1963-06-23 13:00:00
20.6,0.0,14.4,4,French Grand Prix,1963-06-30 14:00:00
19.0,0.0,6.0,5,British Grand Prix,1963-07-20 12:00:00
17.0,0.1,22.0,6,German Grand Prix,1963-08-04 12:00:00
21.2,0.0,6.6,7,Italian Grand Prix,1963-09-08 12:00:00
14.4,0.0,8.5,8,United States Grand Prix,1963-10-06 14:00:00
18.2,0.1,7.4,9,Mexican Grand Prix,1963-10-27 19:00:00
28.4,0.0,17.2,10,South African Grand Prix,1963-12-28 14:00:00
20.9,0.0,11.0,1,Monaco Grand Prix,1964-05-10 12:00:00
21.2,0.0,18.4,2,Dutch Grand Prix,1964-05-24 13:00:00
17.3,0.0,17.1,3,Belgian Grand Prix,1964-06-14 12:00:00
19.7,0.0,15.6,4,French Grand Prix,1964-06-28 14:00:00
18.4,0.4,25.3,5,British Grand Prix,1964-07-11 14:00:00
13.8,0.1,26.6,6,German Grand Prix,1964-08-02 12:00:00
17.4,0.0,11.5,7,Austrian Grand Prix,1964-08-23 14:00:00
20.7,0.1,6.8,8,Italian Grand Prix,1964-09-06 12:00:00
14.1,0.0,13.3,9,United States Grand Prix,1964-10-04 14:00:00
20.4,0.0,10.0,10,Mexican Grand Prix,1964-10-25 19:00:00
24.9,0.0,25.0,1,South African Grand Prix,1965-01-01 14:00:00
17.2,0.0,10.1,2,Monaco Grand Prix,1965-05-30 12:00:00
16.7,0.2,10.6,3,Belgian Grand Prix,1965-06-13 12:00:00
20.2,0.2,2.6,4,French Grand Prix,1965-06-27 14:00:00
17.7,0.1,19.8,5,British Grand Prix,1965-07-10 12:00:00
18.9,0.0,11.8,6,Dutch Grand Prix,1965-07-18 13:00:00
14.7,0.0,12.3,7,German Grand Prix,1965-08-01 12:00:00
16.0,0.1,4.2,8,Italian Grand Prix,1965-09-12 12:00:00
11.7,0.1,16.0,9,United States Grand Prix,1965-10-03 14:00:00
16.8,0.0,14.7,10,Mexican Grand Prix,1965-10-24 19:00:00
20.6,0.0,8.3,1,Monaco Grand Prix,1966-05-22 12:00:00
17.8,0.6,9.0,2,Belgian Grand Prix,1966-06-12 12:00:00
26.7,0.0,7.3,3,French Grand Prix,1966-07-03 14:00:00
15.9,1.0,15.5,4,British Grand Prix,1966-07-16 14:00:00
19.6,0.0,27.0,5,Dutch Grand Prix,1966-07-24 13:00:00
14.1,0.5,19.4,6,German Grand Prix,1966-08-07 12:00:00
23.4,0.1,5.9,7,Italian Grand Prix,1966-09-04 12:00:00
6.4,0.0,10.2,8,United States Grand Prix,1966-10-02 14:00:00
20.5,0.0,7.3,9,Mexican Grand Prix,1966-10-23 19:00:00
22.9,0.3,10.5,1,South African Grand Prix,1967-01-02 14:00:00
16.3,0.0,8.0,2,Monaco Grand Prix,1967-05-07 12:00:00
15.7,0.0,24.1,3,Dutch Grand Prix,1967-06-04 13:00:00
15.6,0.0,13.6,4,Belgian Grand Prix,1967-06-18 12:00:00
24.9,0.0,7.4,5,French Grand Prix,1967-07-02 14:00:00
18.1,0.0,15.9,6,British Grand Prix,1967-07-15 12:00:00
16.8,0.0,10.1,7,German Grand Prix,1967-08-06 12:00:00
19.9,0.3,9.3,8,Canadian Grand Prix,1967-08-27 14:00:00
20.2,0.0,8.0,9,Italian Grand Prix,1967-09-10 12:00:00
7.2,0.0,15.3,10,United States Grand Prix,1967-10-01 14:00:00
19.2,0.0,11.6,11,Mexican Grand Prix,1967-10-22 19:00:00
26.0,0.0,9.8,1,South African Grand Prix,1968-01-01 14:00:00
17.5,0.0,10.1,2,Spanish Grand Prix,1968-05-12 14:00:00
20.0,0.0,9.0,3,Monaco Grand Prix,1968-05-26 12:00:00
12.7,0.0,16.9,4,Belgian Grand Prix,1968-06-09 12:00:00
14.4,0.6,16.3,5,Dutch Grand Prix,1968-06-23 13:00:00
21.1,0.9,8.7,6,French Grand Prix,1968-07-07 14:00:00
19.0,0.0,15.0,7,British Grand Prix,1968-07-20 14:00:00
14.3,2.2,11.3,8,German Grand Prix,1968-08-04 12:00:00
23.5,0.0,3.3,9,Italian Grand Prix,1968-09-08 12:00:00
16.8,0.0,8.6,10,Canadian Grand Prix,1968-09-22 14:00:00
7.0,0.0,13.9,11,United States Grand Prix,1968-10-06 14:00:00
22.0,0.0,14.4,12,Mexican Grand Prix,1968-11-03 19:00:00
22.7,1.2,13.8,1,South African Grand Prix,1969-03-01 14:00:00
16.6,0.1,12.9,2,Spanish Grand Prix,1969-05-04 14:00:00
19.1,0.1,11.6,3,Monaco Grand Prix,1969-05-18 12:00:00
16.1,0.0,8.6,4,Dutch Grand Prix,1969-06-21 13:00:00
22.4,0.2,13.6,5,French Grand Prix,1969-07-06 14:00:00
20.0,0.0,27.8,6,British Grand Prix,1969-07-19 12:00:00
19.8,0.0,9.4,7,German Grand Prix,1969-08-03 12:00:00
20.5,0.0,4.7,8,Italian Grand Prix,1969-09-07 12:00:00
12.2,0.0,13.4,9,Canadian Grand Prix,1969-09-20 14:00:00
9.3,0.0,10.3,10,United States Grand Prix,1969-10-05 14:00:00
22.6,0.0,6.0,11,Mexican Grand Prix,1969-10-19 19:00:00
22.0,0.1,13.2,1,South African Grand Prix,1970-03-07 14:00:00
17.0,0.0,20.2,2,Spanish Grand Prix,1970-04-19 14:00:00
13.7,0.7,5.9,3,Monaco Grand Prix,1970-05-10 12:00:00
20.5,0.0,12.3,4,Belgian Grand Prix,1970-06-07 12:00:00
19.8,0.0,13.7,5,Dutch Grand Prix,1970-06-21 13:00:00
18.8,0.0,12.2,6,French Grand Prix,1970-07-05 14:00:00
20.5,0.0,11.4,7,British Grand Prix,1970-07-18 14:00:00
24.6,0.0,5.2,8,German Grand Prix,1970-08-02 12:00:00
22.3,0.1,5.4,9,Austrian Grand Prix,1970-08-16 13:00:00
28.5,0.0,11.6,10,Italian Grand Prix,1970-09-06 12:00:00
14.1,0.0,14.5,11,Canadian Grand Prix,1970-09-20 14:00:00
7.4,0.0,15.9,12,United States Grand Prix,1970-10-04 14:00:00
23.4,0.0,8.7,13,Mexican Grand Prix,1970-10-25 19:00:00
26.8,0.0,15.9,1,South African Grand Prix,1971-03-06 14:00:00
16.4,0.0,12.3,2,Spanish Grand Prix,1971-04-18 14:00:00
16.9,1.7,7.6,3,Monaco Grand Prix,1971-05-23 12:00:00
13.9,0.6,28.5,4,Dutch Grand Prix,1971-06-20 13:00:00
23.1,0.0,10.7,5,French Grand Prix,1971-07-04 13:00:00
15.9,0.0,11.5,6,British Grand Prix,1971-07-17 12:00:00
21.1,0.0,9.6,7,German Grand Prix,1971-08-01 12:00:00
28.3,0.0,7.7,8,Austrian Grand Prix,1971-08-15 13:00:00
24.2,0.0,2.2,9,Italian Grand Prix,1971-09-05 12:00:00
15.3,0.0,19.1,10,Canadian Grand Prix,1971-09-19 14:00:00
15.6,0.0,7.6,11,United States Grand Prix,1971-10-03 14:00:00
27.0,0.0,7.7,1,Argentine Grand Prix,1972-01-23 14:00:00
21.3,0.2,8.7,2,South African Grand Prix,1972-03-04 14:00:00
10.1,0.1,12.7,3,Spanish Grand Prix,1972-05-01 14:00:00
14.4,0.0,3.2,4,Monaco Grand Prix,1972-05-14 12:00:00
19.4,0.0,14.1,5,Belgian Grand Prix,1972-06-04 14:00:00
12.8,0.0,12.3,6,French Grand Prix,1972-07-02 14:00:00
18.1,0.0,17.3,7,British Grand Prix,1972-07-15 14:00:00
16.0,0.0,7.0,8,German Grand Prix,1972-07-30 12:00:00
28.0,0.0,6.0,9,Austrian Grand Prix,1972-08-13 13:00:00
20.4,0.2,15.5,10,Italian Grand Prix,1972-09-10 12:00:00
14.4,0.0,7.6,11,Canadian Grand Prix,1972-09-24 14:00:00
10.5,0.0,17.7,12,United States Grand Prix,1972-10-08 14:00:00
25.7,0.0,20.9,1,Argentine Grand Prix,1973-01-28 14:00:00
30.3,0.0,26.0,2,Brazilian Grand Prix,1973-02-11 16:00:00
25.2,0.1,9.2,3,South African Grand Prix,1973-03-03 14:00:00
16.1,0.0,13.6,4,Spanish Grand Prix,1973-04-29 14:00:00
20.2,0.0,11.1,5,Belgian Grand Prix,1973-05-20 14:00:00
20.1,0.0,9.0,6,Monaco Grand Prix,1973-06-03 12:00:00
19.9,0.0,7.1,7,Swedish Grand Prix,1973-06-17 14:00:00
26.8,0.0,8.4,8,French Grand Prix,1973-07-01 13:00:00
19.2,0.1,10.8,9,British Grand Prix,1973-07-14 12:00:00
16.1,0.0,22.0,10,Dutch Grand Prix,1973-07-29 13:00:00
18.0,0.0,27.2,11,German Grand Prix,1973-08-05 12:00:00
26.2,0.0,6.2,12,Austrian Grand Prix,1973-08-19 13:00:00
26.4,0.0,4.3,13,Italian Grand Prix,1973-09-09 12:00:00
14.6,0.6,7.4,14,Canadian Grand Prix,1973-09-23 14:00:00
11.0,0.0,5.6,15,United States Grand Prix,1973-10-07 14:00:00
26.1,0.3,19.7,1,Argentine Grand Prix,1974-01-13 14:00:00
27.4,0.1,22.4,2,Brazilian Grand Prix,1974-01-27 16:00:00
21.2,0.0,10.7,3,South African Grand Prix,1974-03-30 14:00:00
10.6,0.3,4.5,4,Spanish Grand Prix,1974-04-28 14:00:00
17.4,0.0,17.7,5,Belgian Grand Prix,1974-05-12 14:00:00
19.2,0.0,8.3,6,Monaco Grand Prix,1974-05-26 12:00:00
14.7,0.0,9.8,7,Swedish Grand Prix,1974-06-09 14:00:00
19.2,0.0,20.1,8,Dutch Grand Prix,1974-06-23 13:00:00
17.5,0.0,11.2,9,French Grand Prix,1974-07-07 14:00:00
20.2,0.1,19.1,10,British Grand Prix,1974-07-20 14:00:00
20.4,0.2,17.2,11,German Grand Prix,1974-08-04 12:00:00
28.3,0.0,8.9,12,Austrian Grand Prix,1974-08-18 13:00:00
22.2,0.0,3.3,13,Italian Grand Prix,1974-09-08 12:00:00
7.1,0.0,16.5,14,Canadian Grand Prix,1974-09-22 14:00:00
14.4,0.0,7.6,15,United States Grand Prix,1974-10-06 14:00:00
22.7,0.1,10.2,1,Argentine Grand Prix,1975-01-12 14:00:00
28.4,0.1,8.4,2,Brazilian Grand Prix,1975-01-26 16:00:00
22.6,5.0,11.5,3,South African Grand Prix,1975-03-01 14:00:00
18.4,0.0,21.3,4,Spanish Grand Prix,1975-04-27 14:00:00
12.9,0.8,17.7,5,Monaco Grand Prix,1975-05-11 12:00:00
16.4,0.2,15.6,6,Belgian Grand Prix,1975-05-25 14:00:00
22.1,0.0,6.4,7,Swedish Grand Prix,1975-06-08 14:00:00
17.1,1.0,28.9,8,Dutch Grand Prix,1975-06-22 13:00:00
24.5,0.0,12.9,9,French Grand Prix,1975-07-06 13:00:00
17.5,0.4,14.7,10,British Grand Prix,1975-07-19 12:00:00
24.5,0.0,9.8,11,German Grand Prix,1975-08-03 12:00:00
23.2,0.1,5.8,12,Austrian Grand Prix,1975-08-17 13:00:00
19.8,0.1,5.0,13,Italian Grand Prix,1975-09-07 12:00:00
12.6,0.0,9.7,14,United States Grand Prix,1975-10-05 14:00:00
27.5,0.8,25.5,1,Brazilian Grand Prix,1976-01-25 16:00:00
23.5,0.2,10.2,2,South African Grand Prix,1976-03-06 14:00:00
9.3,0.0,6.8,3,United States Grand Prix West,1976-03-28 14:00:00
19.1,0.0,3.3,4,Spanish Grand Prix,1976-05-02 14:00:00
17.7,0.0,13.0,5,Belgian Grand Prix,1976-05-16 14:00:00
20.3,0.1,8.3,6,Monaco Grand Prix,1976-05-30 12:00:00
16.2,0.1,16.8,7,Swedish Grand Prix,1976-06-13 14:00:00
24.8,0.0,6.3,8,French Grand Prix,1976-07-04 13:00:00
23.3,0.0,9.2,9,British Grand Prix,1976-07-18 14:00:00
13.2,0.1,15.3,10,German Grand Prix,1976-08-01 12:00:00
19.3,0.2,6.6,11,Austrian Grand Prix,1976-08-15 13:00:00
21.9,0.1,12.6,12,Dutch Grand Prix,1976-08-29 13:00:00
15.0,0.0,6.5,13,Italian Grand Prix,1976-09-12 12:00:00
14.1,0.0,12.2,14,Canadian Grand Prix,1976-10-03 14:00:00
5.0,0.1,24.0,15,United States Grand Prix,1976-10-10 14:00:00
17.5,0.7,12.3,16,Japanese Grand Prix,1976-10-24 04:30:00
29.7,0.1,19.6,1,Argentine Grand Prix,1977-01-09 14:00:00
24.7,0.4,7.9,2,Brazilian Grand Prix,1977-01-23 16:00:00
17.9,0.0,18.0,3,South African Grand Prix,1977-03-05 14:00:00
9.7,0.0,1.8,4,United States Grand Prix West,1977-04-03 14:00:00
21.4,0.0,2.9,5,Spanish Grand Prix,1977-05-08 14:00:00
19.6,0.1,4.9,6,Monaco Grand Prix,1977-05-22 12:00:00
13.7,0.2,22.3,7,Belgian Grand Prix,1977-06-05 14:00:00
23.0,0.0,10.6,8,Swedish Grand Prix,1977-06-19 14:00:00
25.9,0.0,7.9,9,French Grand Prix,1977-07-03 14:00:00
17.0,0.3,14.8,10,British Grand Prix,1977-07-16 12:00:00
21.3,0.0,25.9,11,German Grand Prix,1977-07-31 12:00:00
16.4,0.1,1.8,12,Austrian Grand Prix,1977-08-14 13:00:00
15.7,0.0,20.0,13,Dutch Grand Prix,1977-08-28 13:00:00
21.8,0.0,4.3,14,Italian Grand Prix,1977-09-11 12:00:00
9.6,0.0,8.3,15,United States Grand Prix,1977-10-02 14:00:00
11.9,0.6,11.9,16,Canadian Grand Prix,1977-10-09 14:00:00
18.3,0.0,8.0,17,Japanese Grand Prix,1977-10-23 04:30:00
26.6,0.0,21.5,1,Argentine Grand Prix,1978-01-15 14:00:00
32.1,0.0,8.9,2,Brazilian Grand Prix,1978-01-29 14:00:00
21.8,0.5,5.0,3,South African Grand Prix,1978-03-04 14:00:00
11.9,0.0,7.1,4,United States Grand Prix West,1978-04-02 14:00:00
13.0,0.2,5.7,5,Monaco Grand Prix,1978-05-07 12:00:00
13.6,0.0,5.2,6,Belgian Grand Prix,1978-05-21 14:00:00
24.0,0.0,12.9,7,Spanish Grand Prix,1978-06-04 14:00:00
15.2,0.0,14.5,8,Swedish Grand Prix,1978-06-17 14:00:00
22.0,0.0,3.1,9,French Grand Prix,1978-07-02 13:00:00
17.6,0.0,9.0,10,British Grand Prix,1978-07-16 14:00:00
29.3,0.0,8.7,11,German Grand Prix,1978-07-30 12:00:00
17.6,0.3,4.3,12,Austrian Grand Prix,1978-08-13 13:00:00
14.3,0.0,33.5,13,Dutch Grand Prix,1978-08-27 13:00:00
26.0,0.0,5.6,14,Italian Grand Prix,1978-09-10 12:00:00
11.7,1.4,13.0,15,United States Grand Prix,1978-10-01 14:00:00
6.4,0.0,21.7,16,Canadian Grand Prix,1978-10-08 18:00:00
25.7,0.0,20.5,1,Argentine Grand Prix,1979-01-21 14:00:00
22.4,0.3,14.0,2,Brazilian Grand Prix,1979-02-04 16:00:00
24.1,0.7,9.7,3,South African Grand Prix,1979-03-03 14:00:00
11.7,0.0,5.9,4,United States Grand Prix West,1979-04-08 14:00:00
14.5,0.0,20.2,5,Spanish Grand Prix,1979-04-29 14:00:00
18.8,0.0,6.2,6,Belgian Grand Prix,1979-05-13 14:00:00
19.6,0.0,9.2,7,Monaco Grand Prix,1979-05-27 12:00:00
14.5,0.0,14.4,8,French Grand Prix,1979-07-01 14:00:00
17.6,0.0,11.8,9,British Grand Prix,1979-07-14 12:00:00
27.0,0.0,10.0,10,German Grand Prix,1979-07-29 12:00:00
16.1,0.0,7.6,11,Austrian Grand Prix,1979-08-12 13:00:00
15.9,0.2,24.9,12,Dutch Grand Prix,1979-08-26 13:00:00
23.6,0.0,5.6,13,Italian Grand Prix,1979-09-09 12:00:00
22.0,0.0,16.2,14,Canadian Grand Prix,1979-09-30 18:00:00
9.1,0.0,18.4,15,United States Grand Prix,1979-10-07 14:00:00
25.9,0.0,15.8,1,Argentine Grand Prix,1980-01-13 14:00:00
23.6,0.6,9.3,2,Brazilian Grand Prix,1980-01-27 16:00:00
23.8,0.0,2.5,3,South African Grand Prix,1980-03-01 14:00:00
9.4,0.0,1.3,4,United States Grand Prix West,1980-03-30 14:00:00
12.7,0.0,21.3,5,Belgian Grand Prix,1980-05-04 14:00:00
14.8,0.3,7.4,6,Monaco Grand Prix,1980-05-18 12:00:00
20.7,0.0,25.8,7,French Grand Prix,1980-06-29 13:00:00
17.2,0.1,9.4,8,British Grand Prix,1980-07-13 14:00:00
21.3,0.1,5.2,9,German Grand Prix,1980-08-10 12:00:00
20.5,0.1,10.0,10,Austrian Grand Prix,1980-08-17 13:00:00
16.0,0.0,37.7,11,Dutch Grand Prix,1980-08-31 13:00:00
24.0,0.2,4.8,12,Italian Grand Prix,1980-09-14 13:00:00
10.8,0.0,23.4,13,Canadian Grand Prix,1980-09-28 18:00:00
6.5,0.0,4.0,14,United States Grand Prix,1980-10-05 14:00:00
9.7,0.0,2.4,1,United States Grand Prix West,1981-03-15 14:00:00
24.3,1.4,13.3,2,Brazilian Grand Prix,1981-03-29 14:00:00
19.6,0.0,8.6,3,Argentine Grand Prix,1981-04-12 14:00:00
13.5,0.3,16.4,4,San Marino Grand Prix,1981-05-03 13:00:00
15.8,0.1,16.1,5,Belgian Grand Prix,1981-05-17 14:00:00
22.4,0.0,12.3,6,Monaco Grand Prix,1981-05-31 12:00:00
30.7,0.0,3.3,7,Spanish Grand Prix,1981-06-21 14:00:00
19.7,0.0,5.9,8,French Grand Prix,1981-07-05 14:00:00
15.6,0.2,19.1,9,British Grand Prix,1981-07-18 12:00:00
27.7,0.0,8.3,10,German Grand Prix,1981-08-02 12:00:00
25.9,0.0,6.4,11,Austrian Grand Prix,1981-08-16 13:00:00
17.6,0.0,8.9,12,Dutch Grand Prix,1981-08-30 13:00:00
21.4,0.2,7.4,13,Italian Grand Prix,1981-09-13 12:00:00
20.6,0.0,14.8,14,Canadian Grand Prix,1981-09-27 18:00:00
7.3,0.0,5.4,15,Caesars Palace Grand Prix,1981-10-17 14:00:00
23.2,0.0,10.6,1,South African Grand Prix,1982-01-23 14:00:00
26.3,0.0,7.2,2,Brazilian Grand Prix,1982-03-21 14:00:00
12.2,0.0,16.3,3,United States Grand Prix West,1982-04-04 14:00:00
13.8,0.0,25.2,4,San Marino Grand Prix,1982-04-25 13:00:00
13.9,0.0,11.4,5,Belgian Grand Prix,1982-05-09 14:00:00
20.8,0.0,16.0,6,Monaco Grand Prix,1982-05-23 12:00:00
17.5,0.0,22.8,7,Detroit Grand Prix,1982-06-06 14:00:00
16.9,0.0,23.1,8,Canadian Grand Prix,1982-06-13 18:00:00
15.0,0.0,16.9,9,Dutch Grand Prix,1982-07-03 13:00:00
21.5,0.0,13.1,10,British Grand Prix,1982-07-18 14:00:00
25.9,0.0,21.1,11,French Grand Prix,1982-07-25 13:00:00
22.2,0.0,4.6,12,German Grand Prix,1982-08-08 12:00:00
25.5,0.0,9.6,13,Austrian Grand Prix,1982-08-15 13:00:00
20.1,0.0,7.1,14,Swiss Grand Prix,1982-08-29 14:00:00
25.3,0.0,4.7,15,Italian Grand Prix,1982-09-12 12:00:00
23.0,0.0,4.8,16,Caesars Palace Grand Prix,1982-09-25 14:00:00
29.3,0.0,9.1,1,Brazilian Grand Prix,1983-03-13 14:00:00
9.8,0.0,7.1,2,United States Grand Prix West,1983-03-27 14:00:00
15.5,0.0,21.9,3,French Grand Prix,1983-04-17 13:00:00
21.0,0.0,21.7,4,San Marino Grand Prix,1983-05-01 13:00:00
20.2,0.0,14.4,5,Monaco Grand Prix,1983-05-15 12:00:00
12.4,0.0,11.8,6,Belgian Grand Prix,1983-05-22 12:00:00
17.4,0.0,12.3,7,Detroit Grand Prix,1983-06-05 14:00:00
26.5,0.0,19.6,8,Canadian Grand Prix,1983-06-12 18:00:00
27.4,0.0,4.3,9,British Grand Prix,1983-07-16 12:00:00
20.1,0.2,7.9,10,German Grand Prix,1983-08-07 12:00:00
18.0,0.0,3.7,11,Austrian Grand Prix,1983-08-14 13:00:00
17.5,0.0,23.7,12,Dutch Grand Prix,1983-08-28 13:00:00
21.4,0.2,6.1,13,Italian Grand Prix,1983-09-11 12:00:00
16.6,0.0,2.5,14,European Grand Prix,1983-09-25 14:00:00
25.0,0.0,13.7,15,South African Grand Prix,1983-10-15 14:00:00
26.6,0.0,9.5,1,Brazilian Grand Prix,1984-03-25 14:00:00
24.1,0.0,8.2,2,South African Grand Prix,1984-04-07 14:00:00
13.6,0.0,21.2,3,Belgian Grand Prix,1984-04-29 14:00:00
21.9,0.0,4.8,4,San Marino Grand Prix,1984-05-06 13:00:00
15.3,0.1,10.1,5,French Grand Prix,1984-05-20 14:00:00
16.7,3.6,10.1,6,Monaco Grand Prix,1984-06-03 12:00:00
24.5,0.0,12.0,7,Canadian Grand Prix,1984-06-17 18:00:00
20.9,0.0,27.2,8,Detroit Grand Prix,1984-06-24 14:00:00
29.2,0.0,14.8,9,Dallas Grand Prix,1984-07-08 14:00:00
20.9,0.0,9.6,10,British Grand Prix,1984-07-22 14:00:00
20.6,0.0,13.5,11,German Grand Prix,1984-08-05 12:00:00
18.8,0.0,8.9,12,Austrian Grand Prix,1984-08-19 13:00:00
17.7,0.0,12.7,13,Dutch Grand Prix,1984-08-26 13:00:00
20.1,0.0,3.9,14,Italian Grand Prix,1984-09-09 12:00:00
9.9,0.0,16.7,15,European Grand Prix,1984-10-07 12:00:00
17.4,0.0,20.0,16,Portuguese Grand Prix,1984-10-21 14:00:00
28.9,0.0,5.4,1,Brazilian Grand Prix,1985-04-07 14:00:00
14.6,0.0,26.3,2,Portuguese Grand Prix,1985-04-21 14:00:00
13.9,0.1,7.4,3,San Marino Grand Prix,1985-05-05 13:00:00
19.1,0.0,9.7,4,Monaco Grand Prix,1985-05-19 12:00:00
21.5,0.0,12.2,5,Canadian Grand Prix,1985-06-16 18:00:00
21.5,0.0,22.1,6,Detroit Grand Prix,1985-06-23 14:00:00
26.8,0.0,10.1,7,French Grand Prix,1985-07-07 13:00:00
15.8,0.0,21.0,8,British Grand Prix,1985-07-21 12:00:00
13.6,0.0,21.3,9,German Grand Prix,1985-08-04 12:00:00
19.0,0.0,7.1,10,Austrian Grand Prix,1985-08-18 13:00:00
15.9,0.0,29.3,11,Dutch Grand Prix,1985-08-25 13:00:00
23.0,0.0,2.0,12,Italian Grand Prix,1985-09-08 12:00:00
12.7,0.4,18.2,13,Belgian Grand Prix,1985-09-15 12:00:00
17.0,0.0,33.3,14,European Grand Prix,1985-10-06 14:00:00
25.6,0.0,10.7,15,South African Grand Prix,1985-10-19 14:00:00
18.8,0.0,13.8,16,Australian Grand Prix,1985-11-03 14:00:00
27.1,0.0,7.8,1,Brazilian Grand Prix,1986-03-23 14:00:00
16.9,0.0,10.3,2,Spanish Grand Prix,1986-04-13 14:00:00
15.9,0.4,16.9,3,San Marino Grand Prix,1986-04-27 13:00:00
19.4,0.0,9.2,4,Monaco Grand Prix,1986-05-11 12:00:00
16.7,0.0,13.8,5,Belgian Grand Prix,1986-05-25 12:00:00
23.3,0.0,18.4,6,Canadian Grand Prix,1986-06-15 18:00:00
25.1,0.0,20.1,7,Detroit Grand Prix,1986-06-22 14:00:00
22.7,0.9,15.8,8,French Grand Prix,1986-07-06 13:00:00
19.0,0.0,7.2,9,British Grand Prix,1986-07-13 14:00:00
23.8,0.0,7.2,10,German Grand Prix,1986-07-27 12:00:00
27.5,0.0,3.0,11,Hungarian Grand Prix,1986-08-10 12:00:00
27.0,0.4,7.8,12,Austrian Grand Prix,1986-08-17 13:00:00
23.2,0.0,4.0,13,Italian Grand Prix,1986-09-07 12:00:00
22.0,0.0,8.6,14,Portuguese Grand Prix,1986-09-21 14:00:00
21.7,0.0,3.4,15,Mexican Grand Prix,1986-10-12 19:00:00
9.5,0.0,14.2,16,Australian Grand Prix,1986-10-26 14:00:00
29.7,0.0,17.5,1,Brazilian Grand Prix,1987-04-12 14:00:00
23.3,0.0,20.9,2,San Marino Grand Prix,1987-05-03 13:00:00
11.3,0.0,12.5,3,Belgian Grand Prix,1987-05-17 12:00:00
20.2,0.0,7.4,4,Monaco Grand Prix,1987-05-31 12:00:00
24.0,0.3,7.8,5,Detroit Grand Prix,1987-06-21 14:00:00
26.9,0.0,7.6,6,French Grand Prix,1987-07-05 13:00:00
18.7,0.1,10.1,7,British Grand Prix,1987-07-12 12:00:00
15.9,0.0,13.9,8,German Grand Prix,1987-07-26 12:00:00
23.0,0.0,12.4,9,Hungarian Grand Prix,1987-08-09 12:00:00
19.8,0.0,13.3,10,Austrian Grand Prix,1987-08-16 13:00:00
25.4,0.0,6.2,11,Italian Grand Prix,1987-09-06 12:00:00
21.5,0.3,17.4,12,Portuguese Grand Prix,1987-09-20 14:00:00
25.2,0.0,7.4,13,Spanish Grand Prix,1987-09-27 14:00:00
22.2,0.0,6.1,14,Mexican Grand Prix,1987-10-18 19:00:00
16.4,0.0,2.0,15,Japanese Grand Prix,1987-11-01 05:00:00
21.7,0.0,10.2,16,Australian Grand Prix,1987-11-15 14:00:00
23.8,0.6,10.5,1,Brazilian Grand Prix,1988-04-03 14:00:00
20.7,0.0,9.5,2,San Marino Grand Prix,1988-05-01 13:00:00
18.7,0.2,9.1,3,Monaco Grand Prix,1988-05-15 12:00:00
24.6,0.0,9.7,4,Mexican Grand Prix,1988-05-29 19:00:00
28.7,0.0,22.8,5,Canadian Grand Prix,1988-06-12 18:00:00
25.8,0.0,19.6,6,Detroit Grand Prix,1988-06-19 14:00:00
22.3,0.0,12.0,7,French Grand Prix,1988-07-03 13:00:00
17.9,0.0,33.0,8,British Grand Prix,1988-07-10 12:00:00
22.0,0.0,14.9,9,German Grand Prix,1988-07-24 12:00:00
24.1,0.0,5.6,10,Hungarian Grand Prix,1988-08-07 12:00:00
24.2,0.0,26.7,11,Belgian Grand Prix,1988-08-28 12:00:00
23.7,0.0,3.7,12,Italian Grand Prix,1988-09-11 12:00:00
21.3,0.0,8.7,13,Portuguese Grand Prix,1988-09-25 14:00:00
29.1,0.0,27.4,14,Spanish Grand Prix,1988-10-02 14:00:00
13.3,0.0,32.9,15,Japanese Grand Prix,1988-10-30 05:00:00
16.8,0.3,17.7,16,Australian Grand Prix,1988-11-13 14:00:00
29.2,0.0,11.3,1,Brazilian Grand Prix,1989-03-26 14:00:00
15.2,0.0,10.1,2,San Marino Grand Prix,1989-04-23 13:00:00
18.6,0.0,17.5,3,Monaco Grand Prix,1989-05-07 12:00:00
21.7,0.0,12.4,4,Mexican Grand Prix,1989-05-28 19:00:00
23.2,0.0,5.8,5,United States Grand Prix,1989-06-04 14:00:00
19.7,0.1,17.9,6,Canadian Grand Prix,1989-06-18 18:00:00
28.2,0.0,11.5,7,French Grand Prix,1989-07-09 13:00:00
20.0,0.0,11.4,8,British Grand Prix,1989-07-16 12:00:00
26.5,0.0,17.2,9,German Grand Prix,1989-07-30 12:00:00
22.3,0.0,13.2,10,Hungarian Grand Prix,1989-08-13 12:00:00
13.8,3.4,22.7,11,Belgian Grand Prix,1989-08-27 12:00:00
21.7,0.0,2.3,12,Italian Grand Prix,1989-09-10 12:00:00
20.5,0.0,13.6,13,Portuguese Grand Prix,1989-09-24 14:00:00
27.0,0.0,24.9,14,Spanish Grand Prix,1989-10-01 14:00:00
17.0,0.5,3.3,15,Japanese Grand Prix,1989-10-22 05:00:00
11.3,0.0,36.1,16,Australian Grand Prix,1989-11-05 14:00:00
9.8,0.0,15.3,1,United States Grand Prix,1990-03-11 14:00:00
26.6,0.0,12.4,2,Brazilian Grand Prix,1990-03-25 16:00:00
23.8,0.0,4.7,3,San Marino Grand Prix,1990-05-13 13:00:00
19.0,0.4,10.2,4,Monaco Grand Prix,1990-05-27 12:00:00
17.1,1.6,11.6,5,Canadian Grand Prix,1990-06-10 18:00:00
17.2,0.3,7.1,6,Mexican Grand Prix,1990-06-24 19:00:00
27.1,0.0,6.6,7,French Grand Prix,1990-07-08 13:00:00
24.1,0.0,12.3,8,British Grand Prix,1990-07-15 12:00:00
29.8,0.0,9.2,9,German Grand Prix,1990-07-29 12:00:00
24.9,0.0,3.6,10,Hungarian Grand Prix,1990-08-12 12:00:00
21.9,0.0,10.8,11,Belgian Grand Prix,1990-08-26 12:00:00
22.4,0.0,2.1,12,Italian Grand Prix,1990-09-09 12:00:00
20.7,0.2,19.6,13,Portuguese Grand Prix,1990-09-23 14:00:00
28.2,0.0,10.4,14,Spanish Grand Prix,1990-09-30 14:00:00
22.0,0.0,4.8,15,Japanese Grand Prix,1990-10-21 05:00:00
22.6,0.0,17.3,16,Australian Grand Prix,1990-11-04 14:00:00
11.8,0.0,6.2,1,United States Grand Prix,1991-03-10 14:00:00
23.2,2.5,13.2,2,Brazilian Grand Prix,1991-03-24 16:00:00
17.2,0.0,5.4,3,San Marino Grand Prix,1991-04-28 13:00:00
16.9,0.0,7.6,4,Monaco Grand Prix,1991-05-12 12:00:00
23.1,0.0,16.1,5,Canadian Grand Prix,1991-06-02 18:00:00
21.0,0.0,6.5,6,Mexican Grand Prix,1991-06-16 19:00:00
23.6,0.0,4.6,7,French Grand Prix,1991-07-07 12:00:00
18.7,0.0,18.1,8,British Grand Prix,1991-07-14 12:00:00
25.2,0.0,15.0,9,German Grand Prix,1991-07-28 12:00:00
26.0,0.0,13.8,10,Hungarian Grand Prix,1991-08-11 12:00:00
19.9,0.0,8.9,11,Belgian Grand Prix,1991-08-25 12:00:00
21.5,0.0,19.1,12,Italian Grand Prix,1991-09-08 12:00:00
22.8,0.0,17.0,13,Portuguese Grand Prix,1991-09-22 14:00:00
18.9,0.1,17.9,14,Spanish Grand Prix,1991-09-29 12:00:00
18.8,0.0,17.3,15,Japanese Grand Prix,1991-10-20 05:00:00
13.6,0.3,25.9,16,Australian Grand Prix,1991-11-03 14:00:00
29.6,0.0,25.3,1,South African Grand Prix,1992-03-01 14:00:00
24.5,0.0,8.9,2,Mexican Grand Prix,1992-03-22 19:00:00
27.1,0.0,7.0,3,Brazilian Grand Prix,1992-04-05 16:00:00
15.5,0.0,23.6,4,Spanish Grand Prix,1992-05-03 12:00:00
29.2,0.0,2.9,5,San Marino Grand Prix,1992-05-17 13:00:00
22.6,0.0,10.9,6,Monaco Grand Prix,1992-05-31 12:00:00
20.3,0.0,6.2,7,Canadian Grand Prix,1992-06-14 18:00:00
17.9,0.4,9.3,8,French Grand Prix,1992-07-05 12:00:00
17.8,0.0,24.4,9,British Grand Prix,1992-07-12 12:00:00
26.1,0.0,6.9,10,German Grand Prix,1992-07-26 12:00:00
24.0,0.0,10.7,11,Hungarian Grand Prix,1992-08-16 12:00:00
16.5,0.0,31.5,12,Belgian Grand Prix,1992-08-30 12:00:00
24.8,0.0,1.6,13,Italian Grand Prix,1992-09-13 12:00:00
17.9,0.0,11.7,14,Portuguese Grand Prix,1992-09-27 14:00:00
17.3,0.0,26.7,15,Japanese Grand Prix,1992-10-25 05:00:00
12.5,0.0,35.4,16,Australian Grand Prix,1992-11-08 14:00:00
25.3,0.1,7.2,1,South African Grand Prix,1993-03-14 14:00:00
24.1,1.5,4.8,2,Brazilian Grand Prix,1993-03-28 16:00:00
10.5,0.2,19.9,3,European Grand Prix,1993-04-11 14:00:00
17.6,0.0,5.1,4,San Marino Grand Prix,1993-04-25 13:00:00
20.0,0.0,8.4,5,Spanish Grand Prix,1993-05-09 12:00:00
19.3,0.0,8.2,6,Monaco Grand Prix,1993-05-23 12:00:00
27.5,0.0,12.0,7,Canadian Grand Prix,1993-06-13 18:00:00
26.5,0.0,6.1,8,French Grand Prix,1993-07-04 12:00:00
14.4,0.0,12.4,9,British Grand Prix,1993-07-11 12:00:00
20.1,0.0,23.3,10,German Grand Prix,1993-07-25 12:00:00
31.7,0.0,16.8,11,Hungarian Grand Prix,1993-08-15 12:00:00
15.5,0.0,6.5,12,Belgian Grand Prix,1993-08-29 12:00:00
21.0,0.0,0.8,13,Italian Grand Prix,1993-09-12 12:00:00
18.1,0.0,29.6,14,Portuguese Grand Prix,1993-09-26 14:00:00
16.0,0.0,30.3,15,Japanese Grand Prix,1993-10-24 05:00:00
17.2,0.0,16.9,16,Australian Grand Prix,1993-11-07 14:00:00
19.9,0.0,16.6,1,Brazilian Grand Prix,1994-03-27 16:00:00
9.6,0.0,8.7,2,Pacific Grand Prix,1994-04-17 14:00:00
25.0,0.0,7.1,3,San Marino Grand Prix,1994-05-01 13:00:00
18.3,0.0,9.4,4,Monaco Grand Prix,1994-05-15 12:00:00
23.9,0.0,15.8,5,Spanish Grand Prix,1994-05-29 12:00:00
23.4,0.2,17.4,6,Canadian Grand Prix,1994-06-12 18:00:00
29.7,0.0,3.3,7,French Grand Prix,1994-07-03 12:00:00
21.2,0.0,19.8,8,British Grand Prix,1994-07-10 12:00:00
29.8,0.0,10.7,9,German Grand Prix,1994-07-31 12:00:00
21.8,0.0,19.2,10,Hungarian Grand Prix,1994-08-14 12:00:00
15.7,0.0,23.0,11,Belgian Grand Prix,1994-08-28 12:00:00
22.0,0.0,5.2,12,Italian Grand Prix,1994-09-11 12:00:00
17.6,0.0,12.4,13,Portuguese Grand Prix,1994-09-25 14:00:00
24.5,0.0,13.6,14,European Grand Prix,1994-10-16 14:00:00
17.7,2.0,2.6,15,Japanese Grand Prix,1994-11-06 05:00:00
11.5,0.0,17.3,16,Australian Grand Prix,1994-11-13 14:00:00
20.7,0.3,17.1,1,Brazilian Grand Prix,1995-03-26 16:00:00
17.1,5.6,20.2,2,Argentine Grand Prix,1995-04-09 14:00:00
17.2,0.8,9.7,3,San Marino Grand Prix,1995-04-30 13:00:00
16.4,0.0,10.0,4,Spanish Grand Prix,1995-05-14 12:00:00
21.1,0.0,6.6,5,Monaco Grand Prix,1995-05-28 12:00:00
21.0,0.1,17.3,6,Canadian Grand Prix,1995-06-11 18:00:00
25.9,0.0,6.0,7,French Grand Prix,1995-07-02 12:00:00
20.1,0.0,13.5,8,British Grand Prix,1995-07-16 12:00:00
27.8,0.0,13.9,9,German Grand Prix,1995-07-30 12:00:00
26.4,0.0,5.8,10,Hungarian Grand Prix,1995-08-13 12:00:00
15.7,0.0,16.7,11,Belgian Grand Prix,1995-08-27 12:00:00
19.3,0.0,6.4,12,Italian Grand Prix,1995-09-10 12:00:00
20.1,0.0,28.2,13,Portuguese Grand Prix,1995-09-24 14:00:00
8.4,0.1,15.6,14,European Grand Prix,1995-10-01 12:00:00
13.8,0.0,9.8,15,Pacific Grand Prix,1995-10-22 14:00:00
16.1,0.6,11.3,16,Japanese Grand Prix,1995-10-29 05:00:00
19.4,0.0,27.1,17,Australian Grand Prix,1995-11-12 14:00:00
24.3,0.0,9.6,1,Australian Grand Prix,1996-03-10 06:00:00
28.5,0.1,5.8,2,Brazilian Grand Prix,1996-03-31 16:00:00
15.5,0.0,3.8,3,Argentine Grand Prix,1996-04-07 14:00:00
13.9,0.2,13.3,4,European Grand Prix,1996-04-28 12:00:00
20.5,0.0,11.2,5,San Marino Grand Prix,1996-05-05 13:00:00
16.0,1.2,6.0,6,Monaco Grand Prix,1996-05-19 12:00:00
15.3,1.0,10.6,7,Spanish Grand Prix,1996-06-02 12:00:00
21.2,0.0,3.4,8,Canadian Grand Prix,1996-06-16 18:00:00
18.5,0.0,9.5,9,French Grand Prix,1996-06-30 12:00:00
20.4,0.1,7.3,10,British Grand Prix,1996-07-14 12:00:00
25.9,0.0,2.9,11,German Grand Prix,1996-07-28 12:00:00
24.9,0.0,20.8,12,Hungarian Grand Prix,1996-08-11 12:00:00
16.2,0.1,18.3,13,Belgian Grand Prix,1996-08-25 12:00:00
19.8,0.0,3.7,14,Italian Grand Prix,1996-09-08 12:00:00
18.2,0.0,20.1,15,Portuguese Grand Prix,1996-09-22 14:00:00
22.2,0.0,4.1,16,Japanese Grand Prix,1996-10-13 05:00:00
18.3,0.0,21.0,1,Australian Grand Prix,1997-03-09 06:00:00
21.6,0.1,10.6,2,Brazilian Grand Prix,1997-03-30 16:00:00
24.0,0.0,14.2,3,Argentine Grand Prix,1997-04-13 14:00:00
13.9,0.7,14.9,4,San Marino Grand Prix,1997-04-27 13:00:00
18.6,0.0,17.0,5,Monaco Grand Prix,1997-05-11 12:00:00
22.4,0.3,30.4,6,Spanish Grand Prix,1997-05-25 12:00:00
21.9,0.0,18.2,7,Canadian Grand Prix,1997-06-15 18:00:00
21.6,0.0,11.9,8,French Grand Prix,1997-06-29 12:00:00
20.4,0.0,17.8,9,British Grand Prix,1997-07-13 12:00:00
22.6,0.2,16.6,10,German Grand Prix,1997-07-27 12:00:00
25.7,0.0,15.5,11,Hungarian Grand Prix,1997-08-10 12:00:00
27.1,0.0,15.2,12,Belgian Grand Prix,1997-08-24 12:00:00
26.1,0.0,2.4,13,Italian Grand Prix,1997-09-07 12:00:00
15.2,0.0,6.4,14,Austrian Grand Prix,1997-09-21 13:00:00
17.9,0.0,3.7,15,Luxembourg Grand Prix,1997-09-28 12:00:00
18.5,0.0,25.0,16,Japanese Grand Prix,1997-10-12 05:00:00
23.0,0.3,11.6,17,European Grand Prix,1997-10-26 14:00:00
21.0,0.0,20.5,1,Australian Grand Prix,1998-03-08 06:00:00
24.4,4.4,8.5,2,Brazilian Grand Prix,1998-03-29 16:00:00
19.2,0.0,23.9,3,Argentine Grand Prix,1998-04-12 14:00:00
25.7,0.0,6.6,4,San Marino Grand Prix,1998-04-26 13:00:00
21.3,0.0,10.6,5,Spanish Grand Prix,1998-05-10 12:00:00
18.8,0.1,9.8,6,Monaco Grand Prix,1998-05-24 12:00:00
12.6,0.0,12.0,7,Canadian Grand Prix,1998-06-07 18:00:00
19.8,0.0,12.7,8,French Grand Prix,1998-06-28 12:00:00
15.9,0.0,36.1,9,British Grand Prix,1998-07-12 12:00:00
22.8,0.2,5.5,10,Austrian Grand Prix,1998-07-26 13:00:00
21.4,0.0,8.7,11,German Grand Prix,1998-08-02 12:00:00
27.2,0.0,6.8,12,Hungarian Grand Prix,1998-08-16 12:00:00
12.6,0.1,14.3,13,Belgian Grand Prix,1998-08-30 12:00:00
17.6,0.0,4.7,14,Italian Grand Prix,1998-09-13 12:00:00
14.9,0.0,16.6,15,Luxembourg Grand Prix,1998-09-27 12:00:00
20.7,0.0,13.0,16,Japanese Grand Prix,1998-11-01 05:00:00
19.1,0.0,17.4,1,Australian Grand Prix,1999-03-07 06:00:00
22.8,0.0,10.6,2,Brazilian Grand Prix,1999-04-11 16:00:00
24.7,0.0,10.2,3,San Marino Grand Prix,1999-05-02 13:00:00
19.4,0.1,7.8,4,Monaco Grand Prix,1999-05-16 12:00:00
25.5,0.0,14.4,5,Spanish Grand Prix,1999-05-30 12:00:00
29.9,0.0,12.8,6,Canadian Grand Prix,1999-06-13 18:00:00
22.0,0.2,14.0,7,French Grand Prix,1999-06-27 12:00:00
22.5,0.0,20.3,8,British Grand Prix,1999-07-11 12:00:00
19.2,0.0,4.8,9,Austrian Grand Prix,1999-07-25 13:00:00
26.6,0.0,10.9,10,German Grand Prix,1999-08-01 12:00:00
22.8,0.0,15.8,11,Hungarian Grand Prix,1999-08-15 12:00:00
19.4,0.0,10.4,12,Belgian Grand Prix,1999-08-29 12:00:00
25.6,0.0,0.7,13,Italian Grand Prix,1999-09-12 12:00:00
14.9,0.1,20.7,14,European Grand Prix,1999-09-26 12:00:00
28.2,0.0,5.8,15,Malaysian Grand Prix,1999-10-17 07:00:00
19.1,0.0,5.5,16,Japanese Grand Prix,1999-10-31 05:00:00
28.1,0.0,10.8,1,Australian Grand Prix,2000-03-12 06:00:00
25.2,0.2,9.3,2,Brazilian Grand Prix,2000-03-26 16:00:00
17.6,0.0,7.4,3,San Marino Grand Prix,2000-04-09 13:00:00
13.0,0.1,9.4,4,British Grand Prix,2000-04-23 12:00:00
21.2,0.0,13.5,5,Spanish Grand Prix,2000-05-07 12:00:00
10.0,0.4,15.9,6,European Grand Prix,2000-05-21 12:00:00
24.6,0.0,8.9,7,Monaco Grand Prix,2000-06-04 12:00:00
14.4,0.5,4.6,8,Canadian Grand Prix,2000-06-18 18:00:00
27.4,0.0,10.0,9,French Grand Prix,2000-07-02 12:00:00
15.2,0.0,11.3,10,Austrian Grand Prix,2000-07-16 13:00:00
20.0,0.1,9.9,11,German Grand Prix,2000-07-30 12:00:00
30.4,0.0,6.4,12,Hungarian Grand Prix,2000-08-13 12:00:00
15.4,0.5,10.8,13,Belgian Grand Prix,2000-08-27 12:00:00
24.1,0.0,2.4,14,Italian Grand Prix,2000-09-10 12:00:00
14.1,1.9,17.7,15,United States Grand Prix,2000-09-24 14:00:00
20.5,0.0,17.6,16,Japanese Grand Prix,2000-10-08 05:00:00
28.8,0.1,15.2,17,Malaysian Grand Prix,2000-10-22 07:00:00
23.4,0.0,20.2,1,Australian Grand Prix,2001-03-04 06:00:00
28.1,0.4,15.5,2,Malaysian Grand Prix,2001-03-18 07:00:00
26.8,0.2,4.8,3,Brazilian Grand Prix,2001-04-01 16:00:00
13.7,0.0,13.8,4,San Marino Grand Prix,2001-04-15 13:00:00
17.6,0.0,21.3,5,Spanish Grand Prix,2001-04-29 12:00:00
18.8,0.0,8.4,6,Austrian Grand Prix,2001-05-13 13:00:00
24.4,0.0,7.3,7,Monaco Grand Prix,2001-05-27 12:00:00
23.6,0.0,12.7,8,Canadian Grand Prix,2001-06-10 18:00:00
20.7,0.0,5.5,9,European Grand Prix,2001-06-24 12:00:00
22.1,0.0,11.0,10,French Grand Prix,2001-07-01 12:00:00
15.2,0.0,11.2,11,British Grand Prix,2001-07-15 12:00:00
27.3,0.0,8.7,12,German Grand Prix,2001-07-29 12:00:00
29.6,0.0,8.4,13,Hungarian Grand Prix,2001-08-19 12:00:00
15.5,0.0,19.7,14,Belgian Grand Prix,2001-09-02 12:00:00
18.8,0.0,6.8,15,Italian Grand Prix,2001-09-16 12:00:00
12.7,0.0,7.1,16,United States Grand Prix,2001-09-30 14:00:00
22.7,0.0,11.8,17,Japanese Grand Prix,2001-10-14 05:00:00
18.5,0.0,20.3,1,Australian Grand Prix,2002-03-03 06:00:00
30.1,0.0,12.1,2,Malaysian Grand Prix,2002-03-17 07:00:00
28.6,0.0,12.4,3,Brazilian Grand Prix,2002-03-31 16:00:00
17.8,0.0,3.1,4,San Marino Grand Prix,2002-04-14 13:00:00
18.7,0.0,18.3,5,Spanish Grand Prix,2002-04-28 12:00:00
16.0,0.5,5.6,6,Austrian Grand Prix,2002-05-12 13:00:00
19.7,0.0,9.0,7,Monaco Grand Prix,2002-05-26 12:00:00
21.7,0.0,26.0,8,Canadian Grand Prix,2002-06-09 18:00:00
18.0,0.0,8.1,9,European Grand Prix,2002-06-23 12:00:00
15.7,0.0,15.7,10,British Grand Prix,2002-07-07 12:00:00
22.9,0.0,7.5,11,French Grand Prix,2002-07-21 12:00:00
26.8,0.0,11.2,12,German Grand Prix,2002-07-28 12:00:00
27.0,0.0,11.8,13,Hungarian Grand Prix,2002-08-18 12:00:00
15.2,0.0,16.9,14,Belgian Grand Prix,2002-09-01 12:00:00
22.9,0.0,6.5,15,Italian Grand Prix,2002-09-15 12:00:00
17.8,0.0,8.9,16,United States Grand Prix,2002-09-29 14:00:00
24.8,0.0,15.0,17,Japanese Grand Prix,2002-10-13 05:00:00
17.0,0.2,23.9,1,Australian Grand Prix,2003-03-09 06:00:00
31.1,0.0,6.3,2,Malaysian Grand Prix,2003-03-23 07:00:00
20.9,0.6,6.2,3,Brazilian Grand Prix,2003-04-06 16:00:00
17.8,0.0,15.0,4,San Marino Grand Prix,2003-04-20 13:00:00
22.0,0.0,15.9,5,Spanish Grand Prix,2003-05-04 12:00:00
17.3,0.0,0.5,6,Austrian Grand Prix,2003-05-18 13:00:00
21.9,0.2,4.9,7,Monaco Grand Prix,2003-06-01 12:00:00
19.2,0.0,18.6,8,Canadian Grand Prix,2003-06-15 18:00:00
21.6,0.0,0.7,9,European Grand Prix,2003-06-29 12:00:00
21.4,0.0,3.1,10,French Grand Prix,2003-07-06 12:00:00
21.3,0.0,19.7,11,British Grand Prix,2003-07-20 12:00:00
34.0,0.0,0.5,12,German Grand Prix,2003-08-03 12:00:00
27.5,0.0,19.4,13,Hungarian Grand Prix,2003-08-24 12:00:00
22.0,0.0,2.7,14,Italian Grand Prix,2003-09-14 12:00:00
10.6,0.0,12.6,15,United States Grand Prix,2003-09-28 14:00:00
23.0,0.0,7.8,16,Japanese Grand Prix,2003-10-12 05:00:00
17.7,0.0,18.6,1,Australian Grand Prix,2004-03-07 06:00:00
28.7,0.0,12.6,2,Malaysian Grand Prix,2004-03-21 07:00:00
26.9,0.0,37.0,3,Bahrain Grand Prix,2004-04-04 15:00:00
16.1,0.0,12.5,4,San Marino Grand Prix,2004-04-25 13:00:00
16.5,0.0,11.3,5,Spanish Grand Prix,2004-05-09 12:00:00
17.1,0.9,5.9,6,Monaco Grand Prix,2004-05-23 12:00:00
18.9,0.0,12.3,7,European Grand Prix,2004-05-30 12:00:00
24.3,0.0,14.8,8,Canadian Grand Prix,2004-06-13 18:00:00
16.5,0.0,4.2,9,United States Grand Prix,2004-06-20 14:00:00
23.7,0.0,10.0,10,French Grand Prix,2004-07-04 12:00:00
16.0,0.1,15.6,11,British Grand Prix,2004-07-11 12:00:00
24.1,0.0,8.4,12,German Grand Prix,2004-07-25 12:00:00
23.0,0.0,6.5,13,Hungarian Grand Prix,2004-08-15 12:00:00
17.0,0.0,18.5,14,Belgian Grand Prix,2004-08-29 12:00:00
20.0,0.0,4.1,15,Italian Grand Prix,2004-09-12 12:00:00
25.9,0.0,16.7,16,Chinese Grand Prix,2004-09-26 07:00:00
25.5,0.2,26.6,17,Japanese Grand Prix,2004-10-10 05:00:00
25.2,0.8,23.4,18,Brazilian Grand Prix,2004-10-24 16:00:00
13.4,0.0,8.7,1,Australian Grand Prix,2005-03-06 14:00:00
26.6,0.0,5.5,2,Malaysian Grand Prix,2005-03-20 15:00:00
29.2,0.0,21.1,3,Bahrain Grand Prix,2005-04-03 14:30:00
19.2,0.0,15.4,4,San Marino Grand Prix,2005-04-24 14:00:00
19.9,0.0,13.4,5,Spanish Grand Prix,2005-05-08 14:00:00
20.7,0.0,7.2,6,Monaco Grand Prix,2005-05-22 14:00:00
21.3,0.0,8.7,7,European Grand Prix,2005-05-29 14:00:00
25.2,0.0,10.7,8,Canadian Grand Prix,2005-06-12 13:00:00
19.5,0.0,9.6,9,United States Grand Prix,2005-06-19 14:00:00
28.4,0.0,7.9,10,French Grand Prix,2005-07-03 14:00:00
24.8,0.0,13.3,11,British Grand Prix,2005-07-10 14:00:00
22.0,0.0,15.6,12,German Grand Prix,2005-07-24 14:00:00
33.6,0.0,11.2,13,Hungarian Grand Prix,2005-07-31 14:00:00
25.3,0.0,10.9,14,Turkish Grand Prix,2005-08-21 15:00:00
23.5,0.0,8.6,15,Italian Grand Prix,2005-09-04 14:00:00
17.3,0.4,8.1,16,Belgian Grand Prix,2005-09-11 14:00:00
20.6,0.6,16.0,17,Brazilian Grand Prix,2005-09-25 14:00:00
19.3,0.0,2.3,18,Japanese Grand Prix,2005-10-09 14:00:00
15.9,0.0,2.3,19,Chinese Grand Prix,2005-10-16 14:00:00
19.8,0.0,24.6,1,Bahrain Grand Prix,2006-03-12 14:30:00
25.9,0.0,7.0,2,Malaysian Grand Prix,2006-03-19 15:00:00
12.8,0.0,5.4,3,Australian Grand Prix,2006-04-02 14:00:00
23.3,0.0,6.4,4,San Marino Grand Prix,2006-04-23 14:00:00
17.1,0.0,18.2,5,European Grand Prix,2006-05-07 14:00:00
22.9,0.0,16.3,6,Spanish Grand Prix,2006-05-14 14:00:00
22.4,0.0,9.0,7,Monaco Grand Prix,2006-05-28 14:00:00
23.4,0.0,11.7,8,British Grand Prix,2006-06-11 12:00:00
19.6,0.0,2.5,9,Canadian Grand Prix,2006-06-25 13:00:00
26.2,0.0,17.5,10,United States Grand Prix,2006-07-02 14:00:00
32.8,0.0,6.5,11,French Grand Prix,2006-07-16 14:00:00
30.5,0.0,7.3,12,German Grand Prix,2006-07-30 14:00:00
18.4,0.0,12.4,13,Hungarian Grand Prix,2006-08-06 14:00:00
31.3,0.0,9.7,14,Turkish Grand Prix,2006-08-27 15:00:00
24.6,0.0,4.7,15,Italian Grand Prix,2006-09-10 14:00:00
20.8,0.0,7.3,16,Chinese Grand Prix,2006-10-01 14:00:00
16.3,0.0,15.6,17,Japanese Grand Prix,2006-10-08 14:00:00
20.4,0.0,1.9,18,Brazilian Grand Prix,2006-10-22 14:00:00
20.5,0.0,10.2,1,Australian Grand Prix,2007-03-18 03:00:00
28.5,1.7,7.6,2,Malaysian Grand Prix,2007-04-08 07:00:00
24.8,0.0,26.7,3,Bahrain Grand Prix,2007-04-15 11:30:00
24.7,0.0,20.4,4,Spanish Grand Prix,2007-05-13 12:00:00
20.3,0.0,9.0,5,Monaco Grand Prix,2007-05-27 12:00:00
23.4,0.0,6.1,6,Canadian Grand Prix,2007-06-10 17:00:00
33.1,0.0,9.0,7,United States Grand Prix,2007-06-17 17:00:00
21.1,0.0,7.6,8,French Grand Prix,2007-07-01 12:00:00
16.8,0.0,11.2,9,British Grand Prix,2007-07-08 12:00:00
17.0,0.0,20.8,10,European Grand Prix,2007-07-22 12:00:00
24.4,0.0,16.1,11,Hungarian Grand Prix,2007-08-05 12:00:00
33.0,0.0,18.7,12,Turkish Grand Prix,2007-08-26 12:00:00
24.1,0.0,8.5,13,Italian Grand Prix,2007-09-09 12:00:00
18.4,0.0,17.3,14,Belgian Grand Prix,2007-09-16 12:00:00
14.7,0.6,7.2,15,Japanese Grand Prix,2007-09-30 04:30:00
25.4,2.5,20.7,16,Chinese Grand Prix,2007-10-07 06:00:00
32.2,0.0,14.3,17,Brazilian Grand Prix,2007-10-21 16:00:00
37.1,0.0,17.9,1,Australian Grand Prix,2008-03-16 04:30:00
28.4,0.9,6.9,2,Malaysian Grand Prix,2008-03-23 07:00:00
24.7,0.0,20.8,3,Bahrain Grand Prix,2008-04-06 11:30:00
20.0,0.0,12.6,4,Spanish Grand Prix,2008-04-27 12:00:00
15.8,0.0,12.4,5,Turkish Grand Prix,2008-05-11 12:00:00
19.5,0.7,7.9,6,Monaco Grand Prix,2008-05-25 12:00:00
28.6,0.0,19.8,7,Canadian Grand Prix,2008-06-08 17:00:00
26.2,0.0,7.9,8,French Grand Prix,2008-06-22 12:00:00
13.5,1.0,22.0,9,British Grand Prix,2008-07-06 12:00:00
22.1,0.0,14.4,10,German Grand Prix,2008-07-20 12:00:00
26.6,0.0,11.8,11,Hungarian Grand Prix,2008-08-03 12:00:00
30.4,0.0,13.5,12,European Grand Prix,2008-08-24 12:00:00
13.5,0.0,26.1,13,Belgian Grand Prix,2008-09-07 12:00:00
15.9,0.6,4.7,14,Italian Grand Prix,2008-09-14 12:00:00
28.3,0.0,6.1,15,Singapore Grand Prix,2008-09-28 12:00:00
17.5,0.0,6.6,16,Japanese Grand Prix,2008-10-12 04:30:00
25.4,0.6,6.8,17,Chinese Grand Prix,2008-10-19 07:00:00
25.0,0.2,15.0,18,Brazilian Grand Prix,2008-11-02 17:00:00
23.0,0.0,16.6,1,Australian Grand Prix,2009-03-29 06:00:00
26.4,4.2,1.3,2,Malaysian Grand Prix,2009-04-05 09:00:00
19.2,0.9,30.4,3,Chinese Grand Prix,2009-04-19 07:00:00
30.1,0.0,17.9,4,Bahrain Grand Prix,2009-04-26 12:00:00
21.3,0.0,9.7,5,Spanish Grand Prix,2009-05-10 12:00:00
26.3,0.0,6.7,6,Monaco Grand Prix,2009-05-24 12:00:00
28.9,0.0,8.4,7,Turkish Grand Prix,2009-06-07 12:00:00
15.7,0.0,12.2,8,British Grand Prix,2009-06-21 12:00:00
16.4,0.0,18.6,9,German Grand Prix,2009-07-12 12:00:00
23.5,0.0,19.0,10,Hungarian Grand Prix,2009-07-26 12:00:00
32.7,0.0,11.3,11,European Grand Prix,2009-08-23 12:00:00
16.9,0.0,15.7,12,Belgian Grand Prix,2009-08-30 12:00:00
25.3,0.0,2.3,13,Italian Grand Prix,2009-09-13 12:00:00
28.4,0.0,6.2,14,Singapore Grand Prix,2009-09-27 12:00:00
24.9,0.0,7.3,15,Japanese Grand Prix,2009-10-04 05:00:00
23.8,1.0,6.7,16,Brazilian Grand Prix,2009-10-18 16:00:00
35.0,0.0,10.5,17,Abu Dhabi Grand Prix,2009-11-01 11:00:00
27.1,0.0,9.4,1,Bahrain Grand Prix,2010-03-14 12:00:00
23.3,0.0,9.5,2,Australian Grand Prix,2010-03-28 06:00:00
29.7,0.0,11.9,3,Malaysian Grand Prix,2010-04-04 08:00:00
20.4,0.0,19.7,4,Chinese Grand Prix,2010-04-18 06:00:00
17.6,0.0,18.2,5,Spanish Grand Prix,2010-05-09 12:00:00
19.1,0.0,10.3,6,Monaco Grand Prix,2010-05-16 12:00:00
26.5,0.0,5.4,7,Turkish Grand Prix,2010-05-30 11:00:00
23.1,0.0,11.2,8,Canadian Grand Prix,2010-06-13 16:00:00
29.1,0.0,11.3,9,European Grand Prix,2010-06-27 12:00:00
21.8,0.0,15.5,10,British Grand Prix,2010-07-11 12:00:00
20.3,0.0,8.4,11,German Grand Prix,2010-07-25 12:00:00
27.0,0.0,10.4,12,Hungarian Grand Prix,2010-08-01 12:00:00
14.3,0.2,26.3,13,Belgian Grand Prix,2010-08-29 12:00:00
22.2,0.0,4.2,14,Italian Grand Prix,2010-09-12 12:00:00
27.3,0.1,2.9,15,Singapore Grand Prix,2010-09-26 12:00:00
23.8,0.0,24.7,16,Japanese Grand Prix,2010-10-10 06:00:00
17.9,0.5,11.7,17,Korean Grand Prix,2010-10-24 05:00:00
23.3,0.0,9.8,18,Brazilian Grand Prix,2010-11-07 16:00:00
29.2,0.0,19.9,19,Abu Dhabi Grand Prix,2010-11-14 13:00:00
18.5,0.0,10.0,1,Australian Grand Prix,2011-03-27 06:00:00
27.5,2.4,3.6,2,Malaysian Grand Prix,2011-04-10 08:00:00
22.3,0.0,8.3,3,Chinese Grand Prix,2011-04-17 07:00:00
15.4,0.0,10.5,4,Turkish Grand Prix,2011-05-08 12:00:00
25.4,0.0,11.9,5,Spanish Grand Prix,2011-05-22 12:00:00
22.2,0.0,7.7,6,Monaco Grand Prix,2011-05-29 12:00:00
16.8,1.4,15.8,7,Canadian Grand Prix,2011-06-12 17:00:00
31.4,0.0,16.5,8,European Grand Prix,2011-06-26 12:00:00
18.6,0.0,3.6,9,British Grand Prix,2011-07-10 12:00:00
12.5,0.2,18.4,10,German Grand Prix,2011-07-24 12:00:00
17.0,0.0,20.8,11,Hungarian Grand Prix,2011-07-31 12:00:00
14.1,0.0,21.9,12,Belgian Grand Prix,2011-08-28 12:00:00
25.2,0.0,6.5,13,Italian Grand Prix,2011-09-11 12:00:00
27.6,0.0,6.2,14,Singapore Grand Prix,2011-09-25 12:00:00
22.3,0.0,5.7,15,Japanese Grand Prix,2011-10-09 06:00:00
19.0,0.0,26.3,16,Korean Grand Prix,2011-10-16 06:00:00
29.6,0.0,7.6,17,Indian Grand Prix,2011-10-30 09:30:00
26.9,0.0,12.3,18,Abu Dhabi Grand Prix,2011-11-13 13:00:00
21.9,2.0,13.0,19,Brazilian Grand Prix,2011-11-27 16:00:00
21.4,0.0,15.5,1,Australian Grand Prix,2012-03-18 06:00:00
28.2,0.3,9.1,2,Malaysian Grand Prix,2012-03-25 08:00:00
19.8,0.0,6.6,3,Chinese Grand Prix,2012-04-15 07:00:00
24.7,0.0,12.2,4,Bahrain Grand Prix,2012-04-22 12:00:00
21.9,0.0,12.2,5,Spanish Grand Prix,2012-05-13 12:00:00
20.2,0.0,8.7,6,Monaco Grand Prix,2012-05-27 12:00:00
25.0,0.0,5.1,7,Canadian Grand Prix,2012-06-10 18:00:00
30.7,0.0,17.7,8,European Grand Prix,2012-06-24 12:00:00
16.2,0.2,11.3,9,British Grand Prix,2012-07-08 12:00:00
19.2,0.0,10.0,10,German Grand Prix,2012-07-22 12:00:00
31.5,0.0,9.6,11,Hungarian Grand Prix,2012-07-29 12:00:00
18.3,0.0,6.2,12,Belgian Grand Prix,2012-09-02 12:00:00
26.6,0.0,5.2,13,Italian Grand Prix,2012-09-09 12:00:00
27.0,0.0,4.6,14,Singapore Grand Prix,2012-09-23 12:00:00
23.8,0.0,16.6,15,Japanese Grand Prix,2012-10-07 06:00:00
21.7,0.0,15.6,16,Korean Grand Prix,2012-10-14 06:00:00
28.0,0.0,8.2,17,Indian Grand Prix,2012-10-28 09:30:00
31.1,0.0,20.2,18,Abu Dhabi Grand Prix,2012-11-04 13:00:00
21.1,0.0,13.8,19,United States Grand Prix,2012-11-18 19:00:00
20.9,0.9,14.6,20,Brazilian Grand Prix,2012-11-25 16:00:00
15.7,0.0,22.6,1,Australian Grand Prix,2013-03-17 06:00:00
28.5,0.3,8.3,2,Malaysian Grand Prix,2013-03-24 08:00:00
25.6,0.0,15.8,3,Chinese Grand Prix,2013-04-14 07:00:00
26.6,0.0,37.8,4,Bahrain Grand Prix,2013-04-21 12:00:00
17.1,0.0,9.5,5,Spanish Grand Prix,2013-05-12 12:00:00
16.3,0.0,10.7,6,Monaco Grand Prix,2013-05-26 12:00:00
21.8,0.2,17.6,7,Canadian Grand Prix,2013-06-09 18:00:00
20.4,0.0,22.5,8,British Grand Prix,2013-06-30 12:00:00
22.1,0.0,14.4,9,German Grand Prix,2013-07-07 12:00:00
34.1,0.0,16.6,10,Hungarian Grand Prix,2013-07-28 12:00:00
16.8,0.1,5.4,11,Belgian Grand Prix,2013-08-25 12:00:00
23.6,0.2,12.2,12,Italian Grand Prix,2013-09-08 12:00:00
28.3,0.0,8.2,13,Singapore Grand Prix,2013-09-22 12:00:00
24.7,0.0,19.5,14,Korean Grand Prix,2013-10-06 06:00:00
23.7,0.0,21.3,15,Japanese Grand Prix,2013-10-13 06:00:00
29.4,0.0,8.4,16,Indian Grand Prix,2013-10-27 09:30:00
33.6,0.0,15.9,17,Abu Dhabi Grand Prix,2013-11-03 13:00:00
27.9,0.0,6.1,18,United States Grand Prix,2013-11-17 19:00:00
20.3,1.7,12.5,19,Brazilian Grand Prix,2013-11-24 16:00:00
19.6,0.0,18.7,1,Australian Grand Prix,2014-03-16 06:00:00
29.8,0.3,12.6,2,Malaysian Grand Prix,2014-03-30 08:00:00
22.9,0.0,21.3,3,Bahrain Grand Prix,2014-04-06 15:00:00
17.7,0.0,13.5,4,Chinese Grand Prix,2014-04-20 07:00:00
21.3,0.0,12.7,5,Spanish Grand Prix,2014-05-11 12:00:00
19.2,0.0,3.6,6,Monaco Grand Prix,2014-05-25 12:00:00
26.7,0.0,10.3,7,Canadian Grand Prix,2014-06-08 18:00:00
22.6,0.0,5.1,8,Austrian Grand Prix,2014-06-22 12:00:00
17.3,0.0,13.8,9,British Grand Prix,2014-07-06 12:00:00
26.8,0.0,16.3,10,German Grand Prix,2014-07-20 12:00:00
27.0,0.8,11.6,11,Hungarian Grand Prix,2014-07-27 12:00:00
14.5,0.1,15.0,12,Belgian Grand Prix,2014-08-24 12:00:00
24.0,0.0,5.4,13,Italian Grand Prix,2014-09-07 12:00:00
27.6,0.0,6.5,14,Singapore Grand Prix,2014-09-21 12:00:00
21.2,0.0,5.9,15,Japanese Grand Prix,2014-10-05 06:00:00
26.0,0.0,5.0,16,Russian Grand Prix,2014-10-12 11:00:00
23.1,0.0,20.1,17,United States Grand Prix,2014-11-02 20:00:00
22.8,0.2,12.9,18,Brazilian Grand Prix,2014-11-09 16:00:00
28.2,0.0,17.3,19,Abu Dhabi Grand Prix,2014-11-23 13:00:00
18.7,0.0,18.4,1,Australian Grand Prix,2015-03-15 05:00:00
30.5,0.0,3.8,2,Malaysian Grand Prix,2015-03-29 07:00:00
19.0,0.0,11.3,3,Chinese Grand Prix,2015-04-12 06:00:00
24.9,0.0,26.2,4,Bahrain Grand Prix,2015-04-19 15:00:00
25.2,0.0,14.4,5,Spanish Grand Prix,2015-05-10 12:00:00
18.0,0.0,6.6,6,Monaco Grand Prix,2015-05-24 12:00:00
20.6,0.0,15.6,7,Canadian Grand Prix,2015-06-07 18:00:00
16.3,0.0,2.6,8,Austrian Grand Prix,2015-06-21 12:00:00
19.5,0.0,13.6,9,British Grand Prix,2015-07-05 12:00:00
25.1,0.0,16.1,10,Hungarian Grand Prix,2015-07-26 12:00:00
24.1,0.0,22.9,11,Belgian Grand Prix,2015-08-23 12:00:00
21.6,0.0,4.2,12,Italian Grand Prix,2015-09-06 12:00:00
27.9,0.0,5.4,13,Singapore Grand Prix,2015-09-20 12:00:00
26.2,0.0,8.9,14,Japanese Grand Prix,2015-09-27 05:00:00
18.8,0.0,7.0,15,Russian Grand Prix,2015-10-11 11:00:00
16.1,0.2,27.8,16,United States Grand Prix,2015-10-25 19:00:00
20.2,0.2,3.8,17,Mexican Grand Prix,2015-11-01 19:00:00
24.1,0.0,8.7,18,Brazilian Grand Prix,2015-11-15 16:00:00
27.1,0.0,20.0,19,Abu Dhabi Grand Prix,2015-11-29 13:00:00
21.2,0.0,8.8,1,Australian Grand Prix,2016-03-20 05:00:00
21.6,0.0,13.3,2,Bahrain Grand Prix,2016-04-03 15:00:00
20.9,0.0,9.5,3,Chinese Grand Prix,2016-04-17 06:00:00
18.6,0.2,6.4,4,Russian Grand Prix,2016-05-01 12:00:00
19.1,0.0,13.1,5,Spanish Grand Prix,2016-05-15 12:00:00
18.2,0.7,9.0,6,Monaco Grand Prix,2016-05-29 12:00:00
12.2,0.0,26.8,7,Canadian Grand Prix,2016-06-12 18:00:00
27.9,0.0,23.7,8,European Grand Prix,2016-06-19 13:00:00
14.0,0.0,4.0,9,Austrian Grand Prix,2016-07-03 12:00:00
18.7,0.0,24.0,10,British Grand Prix,2016-07-10 12:00:00
27.4,0.0,8.0,11,Hungarian Grand Prix,2016-07-24 12:00:00
22.6,0.0,11.6,12,German Grand Prix,2016-07-31 12:00:00
24.7,0.0,20.3,13,Belgian Grand Prix,2016-08-28 12:00:00
27.4,0.0,4.3,14,Italian Grand Prix,2016-09-04 12:00:00
28.3,0.0,5.1,15,Singapore Grand Prix,2016-09-18 12:00:00
31.3,0.0,14.2,16,Malaysian Grand Prix,2016-10-02 07:00:00
20.7,0.0,27.9,17,Japanese Grand Prix,2016-10-09 05:00:00
25.7,0.0,14.8,18,United States Grand Prix,2016-10-23 19:00:00
19.3,0.0,10.0,19,Mexican Grand Prix,2016-10-30 19:00:00
18.0,0.7,12.7,20,Brazilian Grand Prix,2016-11-13 16:00:00
28.8,0.0,20.2,21,Abu Dhabi Grand Prix,2016-11-27 13:00:00
23.7,0.0,10.2,1,Australian Grand Prix,2017-03-26 05:00:00
12.6,0.0,17.4,2,Chinese Grand Prix,2017-04-09 06:00:00
24.9,0.0,30.0,3,Bahrain Grand Prix,2017-04-16 15:00:00
21.5,0.0,7.4,4,Russian Grand Prix,2017-04-30 12:00:00
22.3,0.0,13.7,5,Spanish Grand Prix,2017-05-14 12:00:00
26.3,0.0,9.8,6,Monaco Grand Prix,2017-05-28 12:00:00
26.3,0.3,29.4,7,Canadian Grand Prix,2017-06-11 18:00:00
27.5,0.0,3.4,8,Azerbaijan Grand Prix,2017-06-25 13:00:00
27.8,0.0,1.8,9,Austrian Grand Prix,2017-07-09 12:00:00
21.6,0.2,18.5,10,British Grand Prix,2017-07-16 12:00:00
28.6,0.0,12.4,11,Hungarian Grand Prix,2017-07-30 12:00:00
21.9,0.0,6.2,12,Belgian Grand Prix,2017-08-27 12:00:00
22.8,0.0,5.5,13,Italian Grand Prix,2017-09-03 12:00:00
27.2,0.6,15.1,14,Singapore Grand Prix,2017-09-17 12:00:00
27.4,0.0,5.4,15,Malaysian Grand Prix,2017-10-01 07:00:00
24.1,0.0,3.8,16,Japanese Grand Prix,2017-10-08 05:00:00
24.9,0.0,23.8,17,United States Grand Prix,2017-10-22 19:00:00
21.7,0.0,9.7,18,Mexican Grand Prix,2017-10-29 19:00:00
25.9,0.0,13.9,19,Brazilian Grand Prix,2017-11-12 16:00:00
24.5,0.0,17.8,20,Abu Dhabi Grand Prix,2017-11-26 13:00:00
23.5,0.0,28.3,1,Australian Grand Prix,2018-03-25 05:10:00
27.4,0.0,15.3,2,Bahrain Grand Prix,2018-04-08 15:10:00
18.3,0.0,14.6,3,Chinese Grand Prix,2018-04-15 06:10:00
16.0,0.0,41.8,4,Azerbaijan Grand Prix,2018-04-29 12:10:00
15.2,2.6,17.3,5,Spanish Grand Prix,2018-05-13 13:10:00
25.3,0.3,16.5,6,Monaco Grand Prix,2018-05-27 13:10:00
19.1,0.0,5.8,7,Canadian Grand Prix,2018-06-10 18:10:00
22.4,0.0,6.6,8,French Grand Prix,2018-06-24 14:10:00
18.6,0.0,8.7,9,Austrian Grand Prix,2018-07-01 13:10:00
27.1,0.0,12.8,10,British Grand Prix,2018-07-08 13:10:00
23.8,1.3,13.2,11,German Grand Prix,2018-07-22 13:10:00
32.8,0.0,10.7,12,Hungarian Grand Prix,2018-07-29 13:10:00
17.0,0.0,16.5,13,Belgian Grand Prix,2018-08-26 13:10:00
19.7,0.1,3.3,14,Italian Grand Prix,2018-09-02 13:10:00
28.1,0.0,18.1,15,Singapore Grand Prix,2018-09-16 12:10:00
22.7,0.0,12.3,16,Russian Grand Prix,2018-09-30 11:10:00
26.1,0.0,17.8,17,Japanese Grand Prix,2018-10-07 05:10:00
20.1,0.0,17.9,18,United States Grand Prix,2018-10-21 18:10:00
20.1,0.2,7.4,19,Mexican Grand Prix,2018-10-28 19:10:00
23.4,0.3,16.8,20,Brazilian Grand Prix,2018-11-11 17:10:00
32.4,0.0,17.2,21,Abu Dhabi Grand Prix,2018-11-25 13:10:00
24.4,0.0,13.8,1,Australian Grand Prix,2019-03-17 05:10:00
26.0,0.0,33.9,2,Bahrain Grand Prix,2019-03-31 15:10:00
18.7,0.0,19.8,3,Chinese Grand Prix,2019-04-14 06:10:00
17.7,0.0,20.6,4,Azerbaijan Grand Prix,2019-04-28 12:10:00
18.9,0.0,22.3,5,Spanish Grand Prix,2019-05-12 13:10:00
19.9,0.4,4.8,6,Monaco Grand Prix,2019-05-26 13:10:00
26.1,0.0,14.1,7,Canadian Grand Prix,2019-06-09 18:10:00
28.1,0.0,11.8,8,French Grand Prix,2019-06-23 13:10:00
33.8,0.0,8.6,9,Austrian Grand Prix,2019-06-30 13:10:00
18.0,0.2,11.8,10,British Grand Prix,2019-07-14 13:10:00
23.9,0.1,8.0,11,German Grand Prix,2019-07-28 13:10:00
22.2,0.0,2.9,12,Hungarian Grand Prix,2019-08-04 13:10:00
16.6,0.0,14.4,13,Belgian Grand Prix,2019-09-01 13:10:00
19.2,0.1,5.4,14,Italian Grand Prix,2019-09-08 13:10:00
28.1,0.0,23.9,15,Singapore Grand Prix,2019-09-22 12:10:00
20.0,0.1,10.1,16,Russian Grand Prix,2019-09-29 11:10:00
21.5,0.0,27.5,17,Japanese Grand Prix,2019-10-13 05:10:00
20.8,0.4,2.4,18,Mexican Grand Prix,2019-10-27 19:10:00
19.3,0.0,16.2,19,United States Grand Prix,2019-11-03 19:10:00
19.1,0.0,26.3,20,Brazilian Grand Prix,2019-11-17 17:10:00
25.8,0.0,18.7,21,Abu Dhabi Grand Prix,2019-12-01 13:10:00
26.1,0.0,3.4,1,Austrian Grand Prix,2020-07-05 13:10:00
19.6,0.0,10.0,2,Styrian Grand Prix,2020-07-12 13:10:00
17.8,1.8,12.7,3,Hungarian Grand Prix,2020-07-19 13:10:00
20.2,0.0,17.9,4,British Grand Prix,2020-08-02 13:10:00
25.0,0.0,11.6,5,70th Anniversary Grand Prix,2020-08-09 13:10:00
27.7,0.3,13.9,6,Spanish Grand Prix,2020-08-16 13:10:00
16.9,0.2,12.4,7,Belgian Grand Prix,2020-08-30 13:10:00
26.0,0.0,5.0,8,Italian Grand Prix,2020-09-06 13:10:00
29.8,0.0,14.3,9,Tuscan Grand Prix,2020-09-13 13:10:00
28.8,0.0,8.6,10,Russian Grand Prix,2020-09-27 11:10:00
8.5,0.0,13.6,11,Eifel Grand Prix,2020-10-11 13:10:00
20.2,0.4,27.1,12,Portuguese Grand Prix,2020-10-25 12:10:00
18.2,0.0,5.6,13,Emilia Romagna Grand Prix,2020-11-01 12:10:00
13.2,0.1,8.8,14,Turkish Grand Prix,2020-11-15 10:10:00
26.1,0.0,7.9,15,Bahrain Grand Prix,2020-11-29 14:10:00
20.4,0.0,27.5,16,Sakhir Grand Prix,2020-12-06 17:10:00
23.0,0.0,17.2,17,Abu Dhabi Grand Prix,2020-12-13 13:10:00
20.3,0.0,35.6,1,Bahrain Grand Prix,2021-03-28 15:00:00
12.6,0.0,8.2,2,Emilia Romagna Grand Prix,2021-04-18 13:00:00
19.5,0.0,11.6,3,Portuguese Grand Prix,2021-05-02 14:00:00
21.5,0.0,10.1,4,Spanish Grand Prix,2021-05-09 13:00:00
20.9,0.0,9.8,5,Monaco Grand Prix,2021-05-23 13:00:00
23.6,0.0,20.8,6,Azerbaijan Grand Prix,2021-06-06 12:00:00
27.7,0.1,25.0,7,French Grand Prix,2021-06-20 13:00:00
26.9,0.0,5.4,8,Styrian Grand Prix,2021-06-27 13:00:00
19.8,0.0,7.7,9,Austrian Grand Prix,2021-07-04 13:00:00
27.8,0.0,5.8,10,British Grand Prix,2021-07-18 14:00:00
26.9,0.6,12.9,11,Hungarian Grand Prix,2021-08-01 13:00:00
12.8,0.5,22.9,12,Belgian Grand Prix,2021-08-29 13:00:00
20.7,0.0,10.0,13,Dutch Grand Prix,2021-09-05 13:00:00
28.6,0.0,4.8,14,Italian Grand Prix,2021-09-12 13:00:00
17.9,0.1,17.1,15,Russian Grand Prix,2021-09-26 12:00:00
17.0,0.0,22.9,16,Turkish Grand Prix,2021-10-10 12:00:00
28.9,0.0,16.1,17,United States Grand Prix,2021-10-24 19:00:00
21.2,0.0,3.6,18,Mexico City Grand Prix,2021-11-07 19:00:00
22.1,0.0,14.7,19,So Paulo Grand Prix,2021-11-14 17:00:00
26.1,0.0,16.7,20,Qatar Grand Prix,2021-11-21 14:00:00
27.8,0.0,8.6,21,Saudi Arabian Grand Prix,2021-12-05 17:30:00
24.8,0.0,17.4,22,Abu Dhabi Grand Prix,2021-12-12 13:00:00
21.3,0.0,17.5,1,Bahrain Grand Prix,2022-03-20 15:00:00
25.6,0.0,20.1,2,Saudi Arabian Grand Prix,2022-03-27 17:00:00
26.3,0.0,18.8,3,Australian Grand Prix,2022-04-10 05:00:00
14.0,1.0,5.5,4,Emilia Romagna Grand Prix,2022-04-24 13:00:00
33.1,0.0,9.7,5,Miami Grand Prix,2022-05-08 19:30:00
35.0,0.0,18.9,6,Spanish Grand Prix,2022-05-22 13:00:00
23.4,0.1,15.0,7,Monaco Grand Prix,2022-05-29 13:00:00
26.9,0.0,20.2,8,Azerbaijan Grand Prix,2022-06-12 11:00:00
19.8,0.0,22.1,9,Canadian Grand Prix,2022-06-19 18:00:00
17.4,0.2,16.6,10,British Grand Prix,2022-07-03 14:00:00
20.4,0.0,17.3,11,Austrian Grand Prix,2022-07-10 13:00:00
32.2,0.0,12.3,12,French Grand Prix,2022-07-24 13:00:00
19.4,0.1,27.7,13,Hungarian Grand Prix,2022-07-31 13:00:00
20.4,0.0,12.5,14,Belgian Grand Prix,2022-08-28 13:00:00
24.6,0.0,5.1,15,Dutch Grand Prix,2022-09-04 13:00:00
25.5,0.0,5.2,16,Italian Grand Prix,2022-09-11 13:00:00
25.5,0.1,6.6,17,Singapore Grand Prix,2022-10-02 12:00:00
19.1,1.0,11.3,18,Japanese Grand Prix,2022-10-09 05:00:00
29.8,0.0,33.4,19,United States Grand Prix,2022-10-23 19:00:00
23.4,0.1,10.4,20,Mexico City Grand Prix,2022-10-30 20:00:00
22.0,0.0,24.2,21,So Paulo Grand Prix,2022-11-13 18:00:00
28.4,0.0,26.1,22,Abu Dhabi Grand Prix,2022-11-20 13:00:00
27.9,0.0,9.8,1,Bahrain Grand Prix,2023-03-05 15:00:00
25.1,0.0,18.2,2,Saudi Arabian Grand Prix,2023-03-19 17:00:00
17.0,0.0,15.7,3,Australian Grand Prix,2023-04-02 05:00:00
26.7,0.0,9.9,4,Azerbaijan Grand Prix,2023-04-30 11:00:00
26.8,0.1,24.6,5,Miami Grand Prix,2023-05-07 19:30:00
24.4,0.1,6.4,6,Monaco Grand Prix,2023-05-28 13:00:00
22.8,0.1,7.6,7,Spanish Grand Prix,2023-06-04 13:00:00
18.9,0.0,15.4,8,Canadian Grand Prix,2023-06-18 18:00:00
23.9,0.0,7.0,9,Austrian Grand Prix,2023-07-02 13:00:00
21.0,0.0,16.6,10,British Grand Prix,2023-07-09 14:00:00
28.3,0.0,15.6,11,Hungarian Grand Prix,2023-07-23 13:00:00
17.7,0.2,29.2,12,Belgian Grand Prix,2023-07-30 13:00:00
16.3,1.1,19.5,13,Dutch Grand Prix,2023-08-27 13:00:00
27.9,0.0,9.8,14,Italian Grand Prix,2023-09-03 13:00:00
27.7,0.1,2.5,15,Singapore Grand Prix,2023-09-17 12:00:00
26.5,0.0,9.3,16,Japanese Grand Prix,2023-09-24 05:00:00
32.0,0.0,3.9,17,Qatar Grand Prix,2023-10-08 17:00:00
30.0,0.0,14.4,18,United States Grand Prix,2023-10-22 19:00:00
24.3,0.0,7.6,19,Mexico City Grand Prix,2023-10-29 20:00:00
20.4,0.1,20.1,20,So Paulo Grand Prix,2023-11-05 17:00:00
13.5,0.0,18.0,21,Las Vegas Grand Prix,2023-11-19 06:00:00
27.3,0.0,15.6,22,Abu Dhabi Grand Prix,2023-11-26 13:00:00
18.3,0.0,11.5,1,Bahrain Grand Prix,2024-03-02 15:00:00
24.0,0.0,17.6,2,Saudi Arabian Grand Prix,2024-03-09 17:00:00
21.3,0.0,13.2,3,Australian Grand Prix,2024-03-24 04:00:00
21.1,0.0,7.6,4,Japanese Grand Prix,2024-04-07 05:00:00
20.0,0.0,8.0,5,Chinese Grand Prix,2024-04-21 07:00:00
28.0,0.1,20.5,6,Miami Grand Prix,2024-05-05 20:00:00
23.6,0.1,3.5,7,Emilia Romagna Grand Prix,2024-05-19 13:00:00
20.5,0.0,8.3,8,Monaco Grand Prix,2024-05-26 13:00:00
16.1,2.2,17.9,9,Canadian Grand Prix,2024-06-09 18:00:00
22.4,0.3,15.6,10,Spanish Grand Prix,2024-06-23 13:00:00
29.0,0.0,13.8,11,Austrian Grand Prix,2024-06-30 13:00:00
15.9,0.1,17.8,12,British Grand Prix,2024-07-07 14:00:00
27.2,0.0,10.2,13,Hungarian Grand Prix,2024-07-21 13:00:00
19.4,0.0,8.1,14,Belgian Grand Prix,2024-07-28 13:00:00
18.1,0.0,26.3,15,Dutch Grand Prix,2024-08-25 13:00:00
28.5,0.0,5.9,16,Italian Grand Prix,2024-09-01 13:00:00
26.6,0.0,23.0,17,Azerbaijan Grand Prix,2024-09-15 11:00:00
29.2,0.0,14.0,18,Singapore Grand Prix,2024-09-22 12:00:00
28.6,0.0,12.5,19,United States Grand Prix,2024-10-20 19:00:00
20.1,0.1,12.6,20,Mexico City Grand Prix,2024-10-27 20:00:00
20.6,2.5,15.2,21,So Paulo Grand Prix,2024-11-03 17:00:00
10.7,0.0,1.1,22,Las Vegas Grand Prix,2024-11-23 06:00:00
19.0,0.0,19.5,23,Qatar Grand Prix,2024-12-01 17:00:00
26.3,0.0,16.3,24,Abu Dhabi Grand Prix,2024-12-08 13:00:00
